id,label
1,0.7015612721443176
2,0.9171398878097534
3,0.40360182523727417
4,0.05172017589211464
5,0.08596746623516083
6,0.11772642284631729
7,0.22861993312835693
8,0.30596038699150085
9,0.8005166053771973
10,0.533951997756958
